file_path,file_name,parent_dir,source_subdir,experiment_id,server_config_label,model_name,date,offload_gb,run_concurrency,run_id,num_prompts,num_warmups,input_len,output_len,temperature,request_rate,burstiness,max_concurrency,duration,completed,failed,total_input_tokens,total_output_tokens,request_throughput,output_throughput,total_token_throughput,mean_ttft_ms,median_ttft_ms,std_ttft_ms,p50_ttft_ms,p95_ttft_ms,p99_ttft_ms,mean_tpot_ms,median_tpot_ms,std_tpot_ms,p50_tpot_ms,p95_tpot_ms,p99_tpot_ms,mean_itl_ms,median_itl_ms,std_itl_ms,p50_itl_ms,p95_itl_ms,p99_itl_ms,mean_e2el_ms,median_e2el_ms,std_e2el_ms,p50_e2el_ms,p95_e2el_ms,p99_e2el_ms
data/raw/profile_robustness/qwen/offload0/bench_runs_plos_profile_robustness_v1_qwen_offload0_20260725_072735/qwen_profile-reference_offload0_conc4_run1.json,qwen_profile-reference_offload0_conc4_run1.json,bench_runs_plos_profile_robustness_v1_qwen_offload0_20260725_072735,bench_runs_plos_profile_robustness_v1_qwen_offload0_20260725_072735,plos_profile_robustness_v1_qwen,qwen25_7b_offload0,Qwen/Qwen2.5-7B-Instruct,20260725-072814,0,4,1,20,1,256,64,0.0,inf,1.0,4,7.118519724999999,20,0,5120,1280,2.8095728849019945,179.81266463372765,899.0633231686382,161.53381319999482,151.04051399998752,48.06255025480512,151.04051399998752,214.06380250000723,214.16489009997406,19.96963664444445,19.961879031745593,0.6038217398090396,19.961879031745593,20.58961350793659,20.592037546031992,19.657469680468864,19.373344999991104,7.26502079259053,19.373344999991104,19.61931990000494,20.04255989000342,1419.6209217999951,1433.1153310000104,24.25491607172826,1433.1153310000104,1434.6501959499876,1434.7414255900055
data/raw/profile_robustness/qwen/offload0/bench_runs_plos_profile_robustness_v1_qwen_offload0_20260725_072735/qwen_profile-long_offload0_conc4_run1.json,qwen_profile-long_offload0_conc4_run1.json,bench_runs_plos_profile_robustness_v1_qwen_offload0_20260725_072735,bench_runs_plos_profile_robustness_v1_qwen_offload0_20260725_072735,plos_profile_robustness_v1_qwen,qwen25_7b_offload0,Qwen/Qwen2.5-7B-Instruct,20260725-072851,0,4,1,20,1,512,128,0.0,inf,1.0,4,13.670495580999955,20,0,10240,2560,1.4630047522049718,187.2646082822364,936.323041411182,199.88862930000835,196.87508950002552,56.9156525974494,196.87508950002552,260.08181800000614,260.23117319998676,19.937285629527505,19.929035653543288,0.42560592326157337,19.929035653543288,20.37999875984252,20.381536174015856,19.78143795234364,19.483923499990397,6.9613925995794235,19.483923499990397,19.730256000002555,20.1388609499736,2731.9239042500017,2737.7744879999855,12.360256796879849,2737.7744879999855,2738.7186185000132,2738.739875700028
data/raw/profile_robustness/qwen/offload0/bench_runs_plos_profile_robustness_v1_qwen_offload0_20260725_072735/qwen_profile-short_offload0_conc4_run1.json,qwen_profile-short_offload0_conc4_run1.json,bench_runs_plos_profile_robustness_v1_qwen_offload0_20260725_072735,bench_runs_plos_profile_robustness_v1_qwen_offload0_20260725_072735,plos_profile_robustness_v1_qwen,qwen25_7b_offload0,Qwen/Qwen2.5-7B-Instruct,20260725-072748,0,4,1,20,1,128,32,0.0,inf,1.0,4,3.898086478000039,20,0,2560,640,5.130722500097342,164.18312000311494,820.9156000155747,150.81571720000113,154.53781200002936,23.679770575229767,154.53781200002936,185.66158824998524,185.7556648500065,20.08863023548379,20.305938645160566,0.4265058744922646,20.305938645160566,20.380630854840053,20.38126410645222,19.46058724374975,19.312709500013625,5.935316099157364,19.312709500013625,19.920192849960472,51.11255449997998,773.5632544999987,784.4176659999675,17.572476009090053,784.4176659999675,785.8424265499934,785.8841133099622
data/raw/profile_robustness/llama/offload0/bench_runs_plos_profile_robustness_v1_llama_offload0_20260724_165942/llama_profile-short_offload0_conc4_run1.json,llama_profile-short_offload0_conc4_run1.json,bench_runs_plos_profile_robustness_v1_llama_offload0_20260724_165942,bench_runs_plos_profile_robustness_v1_llama_offload0_20260724_165942,plos_profile_robustness_v1_llama,llama31_8b_offload0,meta-llama/Llama-3.1-8B-Instruct,20260724-165954,0,4,1,20,1,128,32,0.0,inf,1.0,4,4.0361756769998465,20,0,2540,640,4.955185700654714,158.56594242095085,787.8745264040996,151.26935565021995,155.05850499994267,22.41334363851506,155.05850499994267,183.32313384917143,184.94597476883428,20.963055959671166,21.17416706448327,0.38945475436424676,21.17416706448327,21.23487327417024,21.235314809689424,20.30762789217988,20.28427900040697,5.505934338803148,20.28427900040697,20.97304105045623,47.72511280087201,801.124090400026,811.007861500002,15.911863140344948,811.007861500002,812.343915299698,813.8482182594271
data/raw/profile_robustness/llama/offload0/bench_runs_plos_profile_robustness_v1_llama_offload0_20260724_165942/llama_profile-long_offload0_conc4_run1.json,llama_profile-long_offload0_conc4_run1.json,bench_runs_plos_profile_robustness_v1_llama_offload0_20260724_165942,bench_runs_plos_profile_robustness_v1_llama_offload0_20260724_165942,plos_profile_robustness_v1_llama,llama31_8b_offload0,meta-llama/Llama-3.1-8B-Instruct,20260724-170059,0,4,1,20,1,512,128,0.0,inf,1.0,4,14.65575013399939,20,0,10220,2560,1.3646520865283218,174.6754670756252,872.0126832915977,258.5839624998698,264.3551179999122,66.55915273527107,264.3551179999122,323.38917779907206,323.5543531596704,21.024600922834985,20.73887980709049,0.4768660224206806,20.73887980709049,22.086391972052084,22.087073273158197,20.86027056250046,20.7129590007753,6.269007479483478,20.7129590007753,21.582695550114295,22.885717910157833,2928.708279699913,2948.0334274994675,25.40394673839777,2948.0334274994675,2957.8722862504037,2958.2864900499226
data/raw/profile_robustness/llama/offload0/bench_runs_plos_profile_robustness_v1_llama_offload0_20260724_165942/llama_profile-reference_offload0_conc4_run1.json,llama_profile-reference_offload0_conc4_run1.json,bench_runs_plos_profile_robustness_v1_llama_offload0_20260724_165942,bench_runs_plos_profile_robustness_v1_llama_offload0_20260724_165942,plos_profile_robustness_v1_llama,llama31_8b_offload0,meta-llama/Llama-3.1-8B-Instruct,20260724-170021,0,4,1,20,1,256,64,0.0,inf,1.0,4,7.382014425000307,20,0,5100,1280,2.7092875804017638,173.39440514571288,864.2627381481627,154.91214915018645,157.64834400033578,21.962748603661357,157.64834400033578,186.8732670490317,191.46011100981923,20.88032958571357,20.958837261917193,0.2042722345751056,20.958837261917193,21.088982920629483,21.089143123799513,20.553940198433907,20.535765000204265,4.058311652742073,20.535765000204265,20.925746451212035,45.711479110450455,1470.3729130501415,1479.9934020002183,17.208923654274216,1479.9934020002183,1486.1116651503835,1486.2018794298638
data/raw/profile_robustness/qwen/offload0/bench_runs_plos_profile_robustness_v1_qwen_offload0_20260725_072735/qwen_profile-reference_offload0_conc4_run2.json,qwen_profile-reference_offload0_conc4_run2.json,bench_runs_plos_profile_robustness_v1_qwen_offload0_20260725_072735,bench_runs_plos_profile_robustness_v1_qwen_offload0_20260725_072735,plos_profile_robustness_v1_qwen,qwen25_7b_offload0,Qwen/Qwen2.5-7B-Instruct,20260725-073041,0,4,2,20,1,256,64,0.0,inf,1.0,4,6.423512833000018,20,0,5120,1280,3.1135611494776545,199.2679135665699,996.3395678328494,58.00533560000076,60.063676000027044,6.576778376939351,60.063676000027044,62.3729495999612,62.437847519930756,19.435759991269947,19.439170642857654,0.016501257534899807,19.439170642857654,19.45483764285716,19.46257215079478,19.131930714843826,19.416189999958533,2.4197150319942056,19.416189999958533,19.773559500004012,20.3379491999749,1282.4582150500078,1285.6664839999894,7.0811511038712736,1285.6664839999894,1287.0916970999701,1287.159232219958
data/raw/profile_robustness/qwen/offload0/bench_runs_plos_profile_robustness_v1_qwen_offload0_20260725_072735/qwen_profile-long_offload0_conc4_run2.json,qwen_profile-long_offload0_conc4_run2.json,bench_runs_plos_profile_robustness_v1_qwen_offload0_20260725_072735,bench_runs_plos_profile_robustness_v1_qwen_offload0_20260725_072735,plos_profile_robustness_v1_qwen,qwen25_7b_offload0,Qwen/Qwen2.5-7B-Instruct,20260725-072950,0,4,2,20,1,512,128,0.0,inf,1.0,4,12.730054934000009,20,0,10240,2560,1.5710851291445014,201.09889653049618,1005.4944826524809,55.287740399995755,61.60233199994991,10.178399266470759,61.60233199994991,63.13694040000542,63.5725176799508,19.56426223346448,19.56620169685033,0.013175834016038817,19.56620169685033,19.581432358267474,19.58144534409434,19.411345736718786,19.550355999967906,1.737767467610805,19.550355999967906,19.758763950079583,20.560057089990096,2539.9490440499844,2546.9359889999623,11.175638170377495,2546.9359889999623,2548.525289899925,2548.9676083799477
data/raw/profile_robustness/qwen/offload0/bench_runs_plos_profile_robustness_v1_qwen_offload0_20260725_072735/qwen_profile-short_offload0_conc4_run2.json,qwen_profile-short_offload0_conc4_run2.json,bench_runs_plos_profile_robustness_v1_qwen_offload0_20260725_072735,bench_runs_plos_profile_robustness_v1_qwen_offload0_20260725_072735,plos_profile_robustness_v1_qwen,qwen25_7b_offload0,Qwen/Qwen2.5-7B-Instruct,20260725-073013,0,4,2,20,1,128,32,0.0,inf,1.0,4,3.3045343609999236,20,0,2560,640,6.052289918979136,193.67327740733236,968.3663870366619,56.442526050011566,59.76913900002501,7.6735020543382495,59.76913900002501,61.371796650036,61.438200129981624,19.425679609677108,19.40388351612998,0.03392779441363809,19.40388351612998,19.46774894677237,19.470665066773172,18.818328745312307,19.38400499994941,3.389458422616916,19.38400499994941,19.89710395007478,20.4020572699983,658.6385939500019,661.5726180000365,7.9426284508355725,661.5726180000365,664.7338141499915,664.8067004299821
data/raw/profile_robustness/llama/offload0/bench_runs_plos_profile_robustness_v1_llama_offload0_20260724_165942/llama_profile-reference_offload0_conc4_run2.json,llama_profile-reference_offload0_conc4_run2.json,bench_runs_plos_profile_robustness_v1_llama_offload0_20260724_165942,bench_runs_plos_profile_robustness_v1_llama_offload0_20260724_165942,plos_profile_robustness_v1_llama,llama31_8b_offload0,meta-llama/Llama-3.1-8B-Instruct,20260724-170252,0,4,2,20,1,256,64,0.0,inf,1.0,4,6.7935784260007495,20,0,5100,1280,2.9439565933992786,188.41322197755383,939.1221532943699,57.39644174991554,62.68150500000047,9.924365019231901,62.68150500000047,64.68661974922725,64.81358154993359,20.586966159523385,20.58321268253037,0.016332180794732403,20.58321268253037,20.616312707929794,20.61927057968638,20.265138112500836,20.564318000651838,2.5657623175655155,20.564318000651838,21.003134500006126,21.461489209777938,1354.3753097998888,1359.1670764999435,9.903894937981292,1359.1670764999435,1361.6283236996424,1361.7383519407485
data/raw/profile_robustness/llama/offload0/bench_runs_plos_profile_robustness_v1_llama_offload0_20260724_165942/llama_profile-short_offload0_conc4_run2.json,llama_profile-short_offload0_conc4_run2.json,bench_runs_plos_profile_robustness_v1_llama_offload0_20260724_165942,bench_runs_plos_profile_robustness_v1_llama_offload0_20260724_165942,plos_profile_robustness_v1_llama,llama31_8b_offload0,meta-llama/Llama-3.1-8B-Instruct,20260724-170223,0,4,2,20,1,128,32,0.0,inf,1.0,4,3.463206665001053,20,0,2540,640,5.774994660907399,184.79982914903678,918.2241510842765,58.046708250094525,62.40274350057007,8.997094332908926,62.40274350057007,63.736518599944255,63.79009251879325,20.394934214516162,20.384523935483173,0.026196046865609085,20.384523935483173,20.429677203229666,20.444421350326124,19.75732300000459,20.352202999674773,3.56191517501429,20.352202999674773,20.894039549966692,21.609541010620887,690.2896689000954,694.199021500026,9.228492484148685,694.199021500026,696.9536507000157,697.0654573389038
data/raw/profile_robustness/llama/offload0/bench_runs_plos_profile_robustness_v1_llama_offload0_20260724_165942/llama_profile-long_offload0_conc4_run2.json,llama_profile-long_offload0_conc4_run2.json,bench_runs_plos_profile_robustness_v1_llama_offload0_20260724_165942,bench_runs_plos_profile_robustness_v1_llama_offload0_20260724_165942,plos_profile_robustness_v1_llama,llama31_8b_offload0,meta-llama/Llama-3.1-8B-Instruct,20260724-170200,0,4,2,20,1,512,128,0.0,inf,1.0,4,13.506935052999324,20,0,10220,2560,1.4807208238969682,189.53226545881193,946.1806064701627,59.9169871000413,64.18005699924834,9.594663417100675,64.18005699924834,67.97228490158886,68.21194178042788,20.764340331889105,20.763312035428033,0.009444540134807815,20.763312035428033,20.780151970470836,20.783303905904408,20.602037503515902,20.722327499242965,1.8516617574064305,20.722327499242965,21.006164549453388,21.557274819551818,2696.9882092499574,2701.1515479998707,9.701232972282048,2701.1515479998707,2705.29451590146,2705.522453579815
data/raw/profile_robustness/qwen/offload0/bench_runs_plos_profile_robustness_v1_qwen_offload0_20260725_072735/qwen_profile-long_offload0_conc4_run3.json,qwen_profile-long_offload0_conc4_run3.json,bench_runs_plos_profile_robustness_v1_qwen_offload0_20260725_072735,bench_runs_plos_profile_robustness_v1_qwen_offload0_20260725_072735,plos_profile_robustness_v1_qwen,qwen25_7b_offload0,Qwen/Qwen2.5-7B-Instruct,20260725-073132,0,4,3,20,1,512,128,0.0,inf,1.0,4,12.714898358000028,20,0,10240,2560,1.57295791416345,201.3386130129216,1006.693065064608,55.9815909499946,60.11809149998726,8.768387941444036,60.11809149998726,62.629565149967455,62.757034630056985,19.54989066811005,19.5523600905509,0.016856811995605157,19.5523600905509,19.571554213779308,19.572689683700357,19.397072031249962,19.558279499960918,1.735614316401831,19.558279499960918,19.788589449933625,20.19325480001612,2538.817705799971,2543.892556000003,9.92148280044709,2543.892556000003,2545.944633449909,2545.958107489893
data/raw/profile_robustness/qwen/offload0/bench_runs_plos_profile_robustness_v1_qwen_offload0_20260725_072735/qwen_profile-reference_offload0_conc4_run3.json,qwen_profile-reference_offload0_conc4_run3.json,bench_runs_plos_profile_robustness_v1_qwen_offload0_20260725_072735,bench_runs_plos_profile_robustness_v1_qwen_offload0_20260725_072735,plos_profile_robustness_v1_qwen,qwen25_7b_offload0,Qwen/Qwen2.5-7B-Instruct,20260725-073056,0,4,3,20,1,256,64,0.0,inf,1.0,4,6.39386587499996,20,0,5120,1280,3.1279980517264327,200.1918753104917,1000.9593765524585,52.36060815001338,59.97459700000718,10.916952237219627,59.97459700000718,62.39517764997231,62.53683632999923,19.431467048412554,19.432514603175203,0.019683044471465884,19.432514603175203,19.454005011110596,19.460658437142463,19.127703617187475,19.42582850006147,2.4144334867383512,19.42582850006147,19.666224350004313,19.915387199987435,1276.5430322000043,1284.706526500031,11.734557511504136,1284.706526500031,1286.9108317000212,1287.062675139997
data/raw/profile_robustness/qwen/offload0/bench_runs_plos_profile_robustness_v1_qwen_offload0_20260725_072735/qwen_profile-short_offload0_conc4_run3.json,qwen_profile-short_offload0_conc4_run3.json,bench_runs_plos_profile_robustness_v1_qwen_offload0_20260725_072735,bench_runs_plos_profile_robustness_v1_qwen_offload0_20260725_072735,plos_profile_robustness_v1_qwen,qwen25_7b_offload0,Qwen/Qwen2.5-7B-Instruct,20260725-073201,0,4,3,20,1,128,32,0.0,inf,1.0,4,3.378456591000031,20,0,2560,640,5.9198629496316695,189.43561438821342,947.1780719410672,52.72056124999267,59.75186349996875,11.02607862612704,59.75186349996875,60.72470620002264,61.89588443998332,19.89772681451629,19.46673909677363,0.8730127115409729,19.46673909677363,21.655667870967658,21.656080232259,19.275537145312427,19.40519000004315,3.681452982107781,19.40519000004315,22.792806000086323,24.60806880000746,669.5500924999976,663.2658635000439,32.50404817395971,663.2658635000439,731.4255425499539,731.4972037099403
data/raw/profile_robustness/llama/offload0/bench_runs_plos_profile_robustness_v1_llama_offload0_20260724_165942/llama_profile-long_offload0_conc4_run3.json,llama_profile-long_offload0_conc4_run3.json,bench_runs_plos_profile_robustness_v1_llama_offload0_20260724_165942,bench_runs_plos_profile_robustness_v1_llama_offload0_20260724_165942,plos_profile_robustness_v1_llama,llama31_8b_offload0,meta-llama/Llama-3.1-8B-Instruct,20260724-170345,0,4,3,20,1,512,128,0.0,inf,1.0,4,13.477753970999402,20,0,10220,2560,1.4839267761553419,189.94262734788376,948.2292099632635,54.04350574999626,60.61993799994525,12.479089456215117,60.61993799994525,66.93487970014758,67.07007914048518,20.764500213386412,20.761122720471143,0.013107788966135401,20.761122720471143,20.79372875787659,20.794948617720394,20.602205768359738,20.724121499370085,1.8471053430351498,20.724121499370085,21.024739999393205,21.495256089801842,2691.1350328500703,2697.545872999399,13.274656532669974,2697.545872999399,2705.056699099987,2705.1178958204764
data/raw/profile_robustness/llama/offload0/bench_runs_plos_profile_robustness_v1_llama_offload0_20260724_165942/llama_profile-reference_offload0_conc4_run3.json,llama_profile-reference_offload0_conc4_run3.json,bench_runs_plos_profile_robustness_v1_llama_offload0_20260724_165942,bench_runs_plos_profile_robustness_v1_llama_offload0_20260724_165942,plos_profile_robustness_v1_llama,llama31_8b_offload0,meta-llama/Llama-3.1-8B-Instruct,20260724-170308,0,4,3,20,1,256,64,0.0,inf,1.0,4,6.761774161001085,20,0,5100,1280,2.957803606537339,189.2994308183897,943.5393504854112,49.473963849868596,49.49422050049179,13.340857757019265,49.49422050049179,64.70233434874899,65.76678046998495,20.583806123811392,20.590630738095367,0.01639612670106723,20.590630738095367,20.600526698435424,20.600604628559978,20.262040032811512,20.56777800044074,2.561413132301751,20.56777800044074,20.947084550061845,21.350532309843402,1346.2537496499863,1345.5201890001263,12.946641484088037,1345.5201890001263,1359.9995868001315,1360.5162621594536
data/raw/profile_robustness/llama/offload0/bench_runs_plos_profile_robustness_v1_llama_offload0_20260724_165942/llama_profile-short_offload0_conc4_run3.json,llama_profile-short_offload0_conc4_run3.json,bench_runs_plos_profile_robustness_v1_llama_offload0_20260724_165942,bench_runs_plos_profile_robustness_v1_llama_offload0_20260724_165942,plos_profile_robustness_v1_llama,llama31_8b_offload0,meta-llama/Llama-3.1-8B-Instruct,20260724-170415,0,4,3,20,1,128,32,0.0,inf,1.0,4,3.468728371999532,20,0,2540,640,5.765801716111629,184.50565491557214,916.7624728617491,57.3890554503123,62.4679800002923,9.913529399297943,62.4679800002923,64.62064265015215,64.71671653056546,20.388360885478885,20.391272016123338,0.02391326049946166,20.391272016123338,20.418578548384584,20.428039322552294,19.75094408436462,20.357266499559046,3.5565198739638246,20.357266499559046,20.858475000386534,21.336273920733223,689.4282429001578,694.7105450008166,9.741886902010739,694.7105450008166,695.8573177004837,695.9678475404326
data/raw/profile_robustness/qwen/offload0/bench_runs_plos_profile_robustness_v1_qwen_offload0_20260725_072735/qwen_profile-reference_offload0_conc8_run1.json,qwen_profile-reference_offload0_conc8_run1.json,bench_runs_plos_profile_robustness_v1_qwen_offload0_20260725_072735,bench_runs_plos_profile_robustness_v1_qwen_offload0_20260725_072735,plos_profile_robustness_v1_qwen,qwen25_7b_offload0,Qwen/Qwen2.5-7B-Instruct,20260725-072827,0,8,1,20,1,256,64,0.0,inf,1.0,8,3.922541169999988,20,0,5120,1280,5.098735522003472,326.3190734082222,1631.595367041111,66.46418610000069,71.5444730000172,9.649976401863121,71.5444730000172,73.0239990499939,73.2085734099968,19.743626574603248,19.797042825396762,0.17997426447732612,19.797042825396762,19.952227344444623,19.97284546888849,19.43496912812508,19.71394899999268,2.522240983457242,19.71394899999268,20.096559049983398,20.83575249997182,1310.312660300005,1318.6937509999836,15.752827042246363,1318.6937509999836,1322.3625240500182,1322.5641528099852
data/raw/profile_robustness/qwen/offload0/bench_runs_plos_profile_robustness_v1_qwen_offload0_20260725_072735/qwen_profile-short_offload0_conc8_run1.json,qwen_profile-short_offload0_conc8_run1.json,bench_runs_plos_profile_robustness_v1_qwen_offload0_20260725_072735,bench_runs_plos_profile_robustness_v1_qwen_offload0_20260725_072735,plos_profile_robustness_v1_qwen,qwen25_7b_offload0,Qwen/Qwen2.5-7B-Instruct,20260725-072758,0,8,1,20,1,128,32,0.0,inf,1.0,8,2.0294580620000033,20,0,2560,640,9.854847643557745,315.35512459384785,1576.775622969239,69.43111204999752,70.04672200000073,11.80897475758478,70.04672200000073,81.22491560002061,81.67209352001862,19.606070074193884,19.605555790322583,0.16360699288828895,19.605555790322583,19.888011464516264,19.98151127354896,18.99310591562493,19.563498500019705,3.4862375009584903,19.563498500019705,20.217445500000508,20.691424889993755,677.2192843500079,679.8735039999997,12.252820182414938,679.8735039999997,688.9257941500176,689.4371092299951
data/raw/profile_robustness/qwen/offload0/bench_runs_plos_profile_robustness_v1_qwen_offload0_20260725_072735/qwen_profile-long_offload0_conc8_run1.json,qwen_profile-long_offload0_conc8_run1.json,bench_runs_plos_profile_robustness_v1_qwen_offload0_20260725_072735,bench_runs_plos_profile_robustness_v1_qwen_offload0_20260725_072735,plos_profile_robustness_v1_qwen,qwen25_7b_offload0,Qwen/Qwen2.5-7B-Instruct,20260725-072909,0,8,1,20,1,512,128,0.0,inf,1.0,8,7.7868197930000065,20,0,10240,2560,2.5684426417546073,328.76065814458974,1643.8032907229485,73.13630544999228,73.39190549998875,13.26660871334856,73.39190549998875,87.23627804995715,87.59785640997109,19.92332590866149,20.004467562992296,0.18752175474266738,20.004467562992296,20.09208659763782,20.0945175085041,19.76760579609378,19.95697300000643,1.850906433909759,19.95697300000643,20.27251995003496,21.146384099996,2603.398695850001,2614.266399000002,30.923123467802704,2614.266399000002,2627.8010804999753,2628.167012899996
data/raw/profile_robustness/llama/offload0/bench_runs_plos_profile_robustness_v1_llama_offload0_20260724_165942/llama_profile-long_offload0_conc8_run1.json,llama_profile-long_offload0_conc8_run1.json,bench_runs_plos_profile_robustness_v1_llama_offload0_20260724_165942,bench_runs_plos_profile_robustness_v1_llama_offload0_20260724_165942,plos_profile_robustness_v1_llama,llama31_8b_offload0,meta-llama/Llama-3.1-8B-Instruct,20260724-170118,0,8,1,20,1,512,128,0.0,inf,1.0,8,8.300727618001474,20,0,10220,2560,2.4094273322048005,308.40669852221447,1539.6240652788674,69.54072520047703,68.40446200021688,10.171279810554887,68.40446200021688,79.75587315031589,80.12677063092269,21.32476903464228,21.465901669288307,0.28612486031544854,21.465901669288307,21.473510215350764,21.483512216290126,21.158098562497685,21.413766999103245,1.9374167333294887,21.413766999103245,21.660515000439773,22.185767420560286,2777.7863926000464,2794.4442400003027,40.20258267337961,2794.4442400003027,2806.0762530995817,2806.438501020075
data/raw/profile_robustness/llama/offload0/bench_runs_plos_profile_robustness_v1_llama_offload0_20260724_165942/llama_profile-short_offload0_conc8_run1.json,llama_profile-short_offload0_conc8_run1.json,bench_runs_plos_profile_robustness_v1_llama_offload0_20260724_165942,bench_runs_plos_profile_robustness_v1_llama_offload0_20260724_165942,plos_profile_robustness_v1_llama,llama31_8b_offload0,meta-llama/Llama-3.1-8B-Instruct,20260724-170004,0,8,1,20,1,128,32,0.0,inf,1.0,8,2.1055206339988217,20,0,2540,640,9.498838281159866,303.9628249971157,1510.3152867044187,61.34290500012867,63.25638999987859,9.1489480133086,63.25638999987859,76.03578455018578,76.38060491008218,20.73106535644324,20.824438838703387,0.19740652366802358,20.824438838703387,20.87621959191834,20.9014821635244,20.082932170311096,20.700239499092277,3.636909341243326,20.700239499092277,21.481184048934665,23.46240533024684,704.0059310498691,705.4221979997237,10.08128716180887,705.4221979997237,720.0257447000695,720.4541369391882
data/raw/profile_robustness/llama/offload0/bench_runs_plos_profile_robustness_v1_llama_offload0_20260724_165942/llama_profile-reference_offload0_conc8_run1.json,llama_profile-reference_offload0_conc8_run1.json,bench_runs_plos_profile_robustness_v1_llama_offload0_20260724_165942,bench_runs_plos_profile_robustness_v1_llama_offload0_20260724_165942,plos_profile_robustness_v1_llama,llama31_8b_offload0,meta-llama/Llama-3.1-8B-Instruct,20260724-170034,0,8,1,20,1,256,64,0.0,inf,1.0,8,4.151874678998865,20,0,5100,1280,4.817101079944583,308.2944691164533,1536.6552445023217,67.12133999981234,65.37228399974992,9.713582348343946,65.37228399974992,77.00795145101438,77.54313508987252,20.94428883968263,21.023485103175936,0.19754985501152184,21.023485103175936,21.06391876268823,21.06398415887284,20.616908144528168,20.98472700072307,2.6414236144679264,20.98472700072307,21.403566649314595,22.76917329963908,1386.611536899818,1389.7107020002295,17.48851820351157,1389.7107020002295,1404.0157334507967,1404.5659802893351
data/raw/profile_robustness/qwen/offload0/bench_runs_plos_profile_robustness_v1_qwen_offload0_20260725_072735/qwen_profile-reference_offload0_conc8_run2.json,qwen_profile-reference_offload0_conc8_run2.json,bench_runs_plos_profile_robustness_v1_qwen_offload0_20260725_072735,bench_runs_plos_profile_robustness_v1_qwen_offload0_20260725_072735,plos_profile_robustness_v1_qwen,qwen25_7b_offload0,Qwen/Qwen2.5-7B-Instruct,20260725-073025,0,8,2,20,1,256,64,0.0,inf,1.0,8,3.9247345340000948,20,0,5120,1280,5.09588605974223,326.1367078235027,1630.6835391175136,64.45873375001838,65.77720850003743,10.232154271482983,65.77720850003743,73.91547365004385,73.98867153002243,19.78191620952376,19.835905468253728,0.18683888803651963,19.835905468253728,20.020598814284718,20.03089773111083,19.472708399218508,19.78141249998089,2.5272975200275765,19.78141249998089,20.18897355001741,20.71337691001532,1310.719454950015,1315.426567500026,15.452303326314244,1315.426567500026,1325.4541757500306,1325.6048799500445
data/raw/profile_robustness/qwen/offload0/bench_runs_plos_profile_robustness_v1_qwen_offload0_20260725_072735/qwen_profile-short_offload0_conc8_run2.json,qwen_profile-short_offload0_conc8_run2.json,bench_runs_plos_profile_robustness_v1_qwen_offload0_20260725_072735,bench_runs_plos_profile_robustness_v1_qwen_offload0_20260725_072735,plos_profile_robustness_v1_qwen,qwen25_7b_offload0,Qwen/Qwen2.5-7B-Instruct,20260725-073001,0,8,2,20,1,128,32,0.0,inf,1.0,8,2.0371789139999237,20,0,2560,640,9.817498042295538,314.1599373534572,1570.799686767286,69.75525919999086,70.8597629999872,12.007232966244707,70.8597629999872,81.63689819993465,81.93901643997265,19.683536137096866,19.70092659677441,0.15234029625074008,19.70092659677441,19.999615406452854,20.03400496516189,19.068185062499943,19.630009999957565,3.499164811351266,19.630009999957565,20.31040950000147,21.005610919941095,679.9448794499938,681.686991499987,12.487916021140563,681.686991499987,692.7467936999619,693.0494059400462
data/raw/profile_robustness/qwen/offload0/bench_runs_plos_profile_robustness_v1_qwen_offload0_20260725_072735/qwen_profile-long_offload0_conc8_run2.json,qwen_profile-long_offload0_conc8_run2.json,bench_runs_plos_profile_robustness_v1_qwen_offload0_20260725_072735,bench_runs_plos_profile_robustness_v1_qwen_offload0_20260725_072735,plos_profile_robustness_v1_qwen,qwen25_7b_offload0,Qwen/Qwen2.5-7B-Instruct,20260725-072928,0,8,2,20,1,512,128,0.0,inf,1.0,8,7.791319054000041,20,0,10240,2560,2.5669594405496787,328.5708083903589,1642.8540419517944,73.14682190000497,72.47027199997547,13.158281185774195,72.47027199997547,87.61056305000352,87.84791181000969,19.935241861417232,20.01095595275593,0.18844987246677522,20.01095595275593,20.089259107086317,20.10232483559078,19.77943623320306,19.96637749994079,1.8478696980423461,19.96637749994079,20.302728999979536,21.04158150003741,2604.9225382999934,2616.1199999999667,30.85876105387588,2616.1199999999667,2628.920171499999,2628.968697500045
data/raw/profile_robustness/llama/offload0/bench_runs_plos_profile_robustness_v1_llama_offload0_20260724_165942/llama_profile-long_offload0_conc8_run2.json,llama_profile-long_offload0_conc8_run2.json,bench_runs_plos_profile_robustness_v1_llama_offload0_20260724_165942,bench_runs_plos_profile_robustness_v1_llama_offload0_20260724_165942,plos_profile_robustness_v1_llama,llama31_8b_offload0,meta-llama/Llama-3.1-8B-Instruct,20260724-170136,0,8,2,20,1,512,128,0.0,inf,1.0,8,8.302104267000686,20,0,10220,2560,2.4090278026856713,308.3555587437659,1539.368765916144,70.33054789981179,68.83709700014151,10.291998440623193,68.83709700014151,81.05591449930216,81.34835489981924,21.322766389765476,21.46457357874055,0.28772975975764087,21.46457357874055,21.468906320073373,21.486865138022825,21.156125151952665,21.417291500256397,1.9463197277959412,21.417291500256397,21.68615850032438,22.763408810296816,2778.3218794000277,2795.063807498991,40.395249313862216,2795.063807498991,2807.1149945993056,2807.1705749204375
data/raw/profile_robustness/llama/offload0/bench_runs_plos_profile_robustness_v1_llama_offload0_20260724_165942/llama_profile-reference_offload0_conc8_run2.json,llama_profile-reference_offload0_conc8_run2.json,bench_runs_plos_profile_robustness_v1_llama_offload0_20260724_165942,bench_runs_plos_profile_robustness_v1_llama_offload0_20260724_165942,plos_profile_robustness_v1_llama,llama31_8b_offload0,meta-llama/Llama-3.1-8B-Instruct,20260724-170236,0,8,2,20,1,256,64,0.0,inf,1.0,8,4.155637634999948,20,0,5100,1280,4.812739164636103,308.01530653671057,1535.2637935189168,67.81266894977307,65.65671849966748,9.965274387048524,65.65671849966748,78.32427935036321,78.81921186979525,20.95237681111203,21.04405246824634,0.19056071307971617,21.04405246824634,21.05148635714974,21.069881855539624,20.62487739921437,21.001354499276204,2.635098866623657,21.001354499276204,21.31518900005176,22.568610348935184,1387.812408049831,1391.6238390002036,17.163068782613223,1391.6238390002036,1404.3444118492516,1404.8397927687802
data/raw/profile_robustness/llama/offload0/bench_runs_plos_profile_robustness_v1_llama_offload0_20260724_165942/llama_profile-short_offload0_conc8_run2.json,llama_profile-short_offload0_conc8_run2.json,bench_runs_plos_profile_robustness_v1_llama_offload0_20260724_165942,bench_runs_plos_profile_robustness_v1_llama_offload0_20260724_165942,plos_profile_robustness_v1_llama,llama31_8b_offload0,meta-llama/Llama-3.1-8B-Instruct,20260724-170211,0,8,2,20,1,128,32,0.0,inf,1.0,8,2.1123349520003103,20,0,2540,640,9.468195364120955,302.98225165187057,1505.443062895232,61.847865899926546,63.370594999469176,9.098637502114288,63.370594999469176,76.94363604996397,76.9486984093055,20.78509883225882,20.87729358062197,0.18650410761092967,20.87729358062197,20.940661943525136,20.94543878870618,20.13519542187794,20.732557999508572,3.6517876032056047,20.732557999508572,21.63300509910186,22.96312510945427,706.1859296999501,707.5046304998978,9.951538898511542,707.5046304998978,722.8698150491255,722.8982094105595
data/raw/profile_robustness/qwen/offload0/bench_runs_plos_profile_robustness_v1_qwen_offload0_20260725_072735/qwen_profile-long_offload0_conc8_run3.json,qwen_profile-long_offload0_conc8_run3.json,bench_runs_plos_profile_robustness_v1_qwen_offload0_20260725_072735,bench_runs_plos_profile_robustness_v1_qwen_offload0_20260725_072735,plos_profile_robustness_v1_qwen,qwen25_7b_offload0,Qwen/Qwen2.5-7B-Instruct,20260725-073150,0,8,3,20,1,512,128,0.0,inf,1.0,8,7.79934678699999,20,0,10240,2560,2.564317313513505,328.2326161297286,1641.163080648643,73.01843325002437,73.41901099999859,12.665350050380773,73.41901099999859,86.32533050005122,86.75087730005771,19.957339926377845,20.042650811023314,0.19110270587814657,20.042650811023314,20.115013177952488,20.12845974425227,19.801363433984243,19.97993000003362,1.8310386390003632,19.97993000003362,20.26916654999127,21.010126899963097,2607.6006039000104,2618.9141104999862,31.019457493789844,2618.9141104999862,2631.769005500041,2632.2017267000365
data/raw/profile_robustness/qwen/offload0/bench_runs_plos_profile_robustness_v1_qwen_offload0_20260725_072735/qwen_profile-reference_offload0_conc8_run3.json,qwen_profile-reference_offload0_conc8_run3.json,bench_runs_plos_profile_robustness_v1_qwen_offload0_20260725_072735,bench_runs_plos_profile_robustness_v1_qwen_offload0_20260725_072735,plos_profile_robustness_v1_qwen,qwen25_7b_offload0,Qwen/Qwen2.5-7B-Instruct,20260725-073109,0,8,3,20,1,256,64,0.0,inf,1.0,8,3.9435984420000523,20,0,5120,1280,5.071510270162475,324.5766572903984,1622.883286451992,70.07795924999414,70.60156049999478,12.007313258095675,70.60156049999478,82.43268820007756,82.88913204002142,19.80866236587296,19.872562920635037,0.1932714591226826,19.872562920635037,20.013353965080093,20.046830831110697,19.499003342968546,19.78975200000832,2.5212843478152895,19.78975200000832,20.209528450033076,20.92208049995179,1318.0236882999907,1324.118690999967,18.92687785543271,1324.118690999967,1334.4004572000188,1334.8553810399665
data/raw/profile_robustness/qwen/offload0/bench_runs_plos_profile_robustness_v1_qwen_offload0_20260725_072735/qwen_profile-short_offload0_conc8_run3.json,qwen_profile-short_offload0_conc8_run3.json,bench_runs_plos_profile_robustness_v1_qwen_offload0_20260725_072735,bench_runs_plos_profile_robustness_v1_qwen_offload0_20260725_072735,plos_profile_robustness_v1_qwen,qwen25_7b_offload0,Qwen/Qwen2.5-7B-Instruct,20260725-073212,0,8,3,20,1,128,32,0.0,inf,1.0,8,2.0366599599999518,20,0,2560,640,9.819999603665048,314.23998731728153,1571.1999365864078,69.94130020000284,71.32994700003792,11.942498187362846,71.32994700003792,81.5330403500127,81.87414887002319,19.668271216128673,19.681430322579686,0.14341792659294467,19.681430322579686,19.96714074838869,20.023338188387413,19.053411406249943,19.623587500063877,3.5033513951948554,19.623587500063877,20.06929750003223,21.065149310011293,679.6577078999917,681.4450569999622,12.231542720414017,681.4450569999622,692.0006239999054,692.0674735999717
data/raw/profile_robustness/llama/offload0/bench_runs_plos_profile_robustness_v1_llama_offload0_20260724_165942/llama_profile-reference_offload0_conc8_run3.json,llama_profile-reference_offload0_conc8_run3.json,bench_runs_plos_profile_robustness_v1_llama_offload0_20260724_165942,bench_runs_plos_profile_robustness_v1_llama_offload0_20260724_165942,plos_profile_robustness_v1_llama,llama31_8b_offload0,meta-llama/Llama-3.1-8B-Instruct,20260724-170321,0,8,3,20,1,256,64,0.0,inf,1.0,8,4.156249902000127,20,0,5100,1280,4.8120301886504295,307.9699320736275,1535.037630179487,67.07234564973987,64.73833249947347,9.865149088846946,64.73833249947347,77.31649824991109,77.74695085039639,20.963183233336515,21.046848373020662,0.1842249824637867,21.046848373020662,21.065870164289258,21.069285423332435,20.635493960163842,21.012983999753487,2.638512103929198,21.012983999753487,21.377178000966524,22.721186209346342,1387.7528893499402,1390.9186060000138,16.699070758250123,1390.9186060000138,1404.4333791991448,1404.8388574407363
data/raw/profile_robustness/llama/offload0/bench_runs_plos_profile_robustness_v1_llama_offload0_20260724_165942/llama_profile-long_offload0_conc8_run3.json,llama_profile-long_offload0_conc8_run3.json,bench_runs_plos_profile_robustness_v1_llama_offload0_20260724_165942,bench_runs_plos_profile_robustness_v1_llama_offload0_20260724_165942,plos_profile_robustness_v1_llama,llama31_8b_offload0,meta-llama/Llama-3.1-8B-Instruct,20260724-170404,0,8,3,20,1,512,128,0.0,inf,1.0,8,8.30574380300095,20,0,10220,2560,2.4079721785752404,308.22043885763077,1538.6942221095785,70.22357719997672,68.47832899984496,10.279611635052197,68.47832899984496,81.01146684939522,81.18995816914321,21.33285525590573,21.465987988191536,0.28750970883665317,21.465987988191536,21.4893338562913,21.504008528741462,21.166136439843797,21.423184500235948,1.9386179048950907,21.423184500235948,21.68733350072216,22.415044499666692,2779.4961947000047,2797.2649670000465,40.26141824982618,2797.2649670000465,2806.962896398818,2807.17857527894
data/raw/profile_robustness/llama/offload0/bench_runs_plos_profile_robustness_v1_llama_offload0_20260724_165942/llama_profile-short_offload0_conc8_run3.json,llama_profile-short_offload0_conc8_run3.json,bench_runs_plos_profile_robustness_v1_llama_offload0_20260724_165942,bench_runs_plos_profile_robustness_v1_llama_offload0_20260724_165942,plos_profile_robustness_v1_llama,llama31_8b_offload0,meta-llama/Llama-3.1-8B-Instruct,20260724-170426,0,8,3,20,1,128,32,0.0,inf,1.0,8,2.1257750379991194,20,0,2540,640,9.408333263158905,301.06666442108497,1495.924988842266,66.05670739991183,64.15374400057772,9.499142453689876,64.15374400057772,75.70125265110619,76.06999932888357,20.735651487097304,20.820271258050905,0.17349611819557695,20.820271258050905,20.834166319382934,20.85070141870552,20.087414567188944,20.747025999298785,3.6406107960093506,20.747025999298785,21.359752998523618,22.54446540002391,708.8619034999283,709.4505839995691,11.888012976965284,709.4505839995691,721.4692251497581,721.8414754298828
data/raw/profile_robustness/qwen/offload12/bench_runs_plos_profile_robustness_v1_qwen_offload12_20260725_131245/qwen_profile-reference_offload12_conc4_run1.json,qwen_profile-reference_offload12_conc4_run1.json,bench_runs_plos_profile_robustness_v1_qwen_offload12_20260725_131245,bench_runs_plos_profile_robustness_v1_qwen_offload12_20260725_131245,plos_profile_robustness_v1_qwen,qwen25_7b_offload12,Qwen/Qwen2.5-7B-Instruct,20260725-133201,12,4,1,20,1,256,64,0.0,inf,1.0,4,512.8042616559978,20,0,5120,1280,0.03900123594022803,2.496079100174594,12.48039550087297,8162.306605850063,9815.54664649957,2290.9105279567507,9815.54664649957,9832.433211100033,9832.495791021101,1496.0272743912672,1484.6504376984365,19.887787714570376,1484.6504376984365,1530.6070060182215,1530.7144657115887,1472.6516803289003,1484.4453600017005,258.3380126908622,1484.4453600017005,1486.5572725000675,1490.8790777999825,102412.0248924999,103349.22346900021,1749.0195843630468,103349.22346900021,103360.98820080061,103361.17325776108
data/raw/profile_robustness/qwen/offload12/bench_runs_plos_profile_robustness_v1_qwen_offload12_20260725_131245/qwen_profile-long_offload12_conc4_run1.json,qwen_profile-long_offload12_conc4_run1.json,bench_runs_plos_profile_robustness_v1_qwen_offload12_20260725_131245,bench_runs_plos_profile_robustness_v1_qwen_offload12_20260725_131245,plos_profile_robustness_v1_qwen,qwen25_7b_offload12,Qwen/Qwen2.5-7B-Instruct,20260725-135850,12,4,1,20,1,512,128,0.0,inf,1.0,4,1006.9145640539973,20,0,10240,2560,0.019862658376373896,2.5424202721758586,12.712101360879293,11006.407697349823,13614.212776499699,3605.6221468263793,13614.212776499699,13619.681220050188,13619.717548807894,1497.856850049219,1484.6553430000017,23.05208651986601,1484.6553430000017,1537.9023590488368,1537.9374693971638,1486.154743470705,1484.5177494989912,325.8571759601426,1484.5177494989912,1486.497049499303,1487.6632868102388,201234.22765360065,202155.7133899987,1723.7053808722803,202155.7133899987,202172.7817521518,202175.9537208313
data/raw/profile_robustness/qwen/offload12/bench_runs_plos_profile_robustness_v1_qwen_offload12_20260725_131245/qwen_profile-short_offload12_conc4_run1.json,qwen_profile-short_offload12_conc4_run1.json,bench_runs_plos_profile_robustness_v1_qwen_offload12_20260725_131245,bench_runs_plos_profile_robustness_v1_qwen_offload12_20260725_131245,plos_profile_robustness_v1_qwen,qwen25_7b_offload12,Qwen/Qwen2.5-7B-Instruct,20260725-131813,12,4,1,20,1,128,32,0.0,inf,1.0,4,270.05921789900094,20,0,2560,640,0.07405783129935513,2.369850601579364,11.849253007896822,6719.886206949923,6848.396552501072,2027.2849504546891,6848.396552501072,9244.754951647337,9244.856391130452,1515.9711016822494,1485.7451164677896,37.935806562939014,1485.7451164677896,1563.6738594273875,1563.6783567886207,1468.5965956515645,1484.6064814973943,374.6006673359114,1484.6064814973943,1486.917173501206,3878.5657596997044,53714.99035909965,54532.947289499134,1910.930894152661,54532.947289499134,55325.10206959778,55325.14325551907
data/raw/profile_robustness/llama/offload12/bench_runs_plos_profile_robustness_v1_llama_offload12_20260724_171222/llama_profile-reference_offload12_conc4_run1.json,llama_profile-reference_offload12_conc4_run1.json,bench_runs_plos_profile_robustness_v1_llama_offload12_20260724_171222,bench_runs_plos_profile_robustness_v1_llama_offload12_20260724_171222,plos_profile_robustness_v1_llama,llama31_8b_offload12,meta-llama/Llama-3.1-8B-Instruct,20260724-172832,12,4,1,20,1,256,64,0.0,inf,1.0,4,478.2590599410014,20,0,5100,1280,0.04181834004873263,2.6763737631188884,13.340050475545711,6249.713339699883,6436.177906500234,1965.5711837943109,6436.177906500234,8670.72184180006,8670.870722760174,1414.6239999357183,1400.5771529444478,17.354885655751296,1400.5771529444478,1436.0326097976242,1436.0348679023855,1392.5202501648457,1400.4937705003613,248.394449394811,1400.4937705003613,1402.1871568001188,1403.6399277406053,95371.02533565012,96197.31351750033,1880.9521490247616,96197.31351750033,96906.6142111,96906.92521982043
data/raw/profile_robustness/llama/offload12/bench_runs_plos_profile_robustness_v1_llama_offload12_20260724_171222/llama_profile-short_offload12_conc4_run1.json,llama_profile-short_offload12_conc4_run1.json,bench_runs_plos_profile_robustness_v1_llama_offload12_20260724_171222,bench_runs_plos_profile_robustness_v1_llama_offload12_20260724_171222,plos_profile_robustness_v1_llama,llama31_8b_offload12,meta-llama/Llama-3.1-8B-Instruct,20260724-171701,12,4,1,20,1,128,32,0.0,inf,1.0,4,250.69906972600074,20,0,2540,640,0.07977692147744632,2.552861487278282,12.684530514913964,5782.830689099774,5215.8290869992925,1808.6815928831259,5215.8290869992925,8672.828793149438,8672.929221830109,1421.8221189758058,1400.3345137096753,33.002908972297035,1400.3345137096753,1472.3076535096702,1472.3123021600193,1377.3897383531194,1400.2576140010206,327.79542586628753,1400.2576140010206,1402.186559349957,1403.2121406099577,49859.31637734975,49980.52829500011,1825.7816498115267,49980.52829500011,52084.1245846993,52084.21544573989
data/raw/profile_robustness/llama/offload12/bench_runs_plos_profile_robustness_v1_llama_offload12_20260724_171222/llama_profile-long_offload12_conc4_run1.json,llama_profile-long_offload12_conc4_run1.json,bench_runs_plos_profile_robustness_v1_llama_offload12_20260724_171222,bench_runs_plos_profile_robustness_v1_llama_offload12_20260724_171222,plos_profile_robustness_v1_llama,llama31_8b_offload12,meta-llama/Llama-3.1-8B-Instruct,20260724-175057,12,4,1,20,1,512,128,0.0,inf,1.0,4,946.342323204999,20,0,10220,2560,0.021134001417442205,2.7051521814326023,13.50462690574557,9835.043252999913,11947.388879500068,3028.655511640429,11947.388879500068,11949.000661399805,11949.19592668015,1411.7562527960652,1400.5662765078837,19.430578852617078,1400.5662765078837,1444.3229037114165,1449.5309890257463,1400.7267925003937,1400.5498004999026,309.64746243135454,1400.5498004999026,1402.3218940002153,1403.4597651092372,189128.08735810022,189817.61240099967,1271.370894523353,189817.61240099967,189821.0366009509,189821.2649193911
data/raw/profile_robustness/qwen/offload12/bench_runs_plos_profile_robustness_v1_qwen_offload12_20260725_131245/qwen_profile-long_offload12_conc4_run2.json,qwen_profile-long_offload12_conc4_run2.json,bench_runs_plos_profile_robustness_v1_qwen_offload12_20260725_131245,bench_runs_plos_profile_robustness_v1_qwen_offload12_20260725_131245,plos_profile_robustness_v1_qwen,qwen25_7b_offload12,Qwen/Qwen2.5-7B-Instruct,20260725-144413,12,4,2,20,1,512,128,0.0,inf,1.0,4,959.468233257001,20,0,10240,2560,0.020844879806086136,2.6681446151790253,13.340723075895125,2896.397650149993,2741.617542998938,1313.4259438057936,2741.617542998938,4235.339300100168,4235.393991220335,1484.6233349311058,1484.6344576023732,0.10892931411342781,1484.6344576023732,1484.7570782988291,1484.8480384440163,1473.024607972269,1484.4771885000227,130.71990168212525,1484.4771885000227,1486.424804500166,1487.747737900463,191443.56118640045,191285.925776001,1323.707584020969,191285.925776001,192795.97790355037,192796.62324311037
data/raw/profile_robustness/qwen/offload12/bench_runs_plos_profile_robustness_v1_qwen_offload12_20260725_131245/qwen_profile-short_offload12_conc4_run2.json,qwen_profile-short_offload12_conc4_run2.json,bench_runs_plos_profile_robustness_v1_qwen_offload12_20260725_131245,bench_runs_plos_profile_robustness_v1_qwen_offload12_20260725_131245,plos_profile_robustness_v1_qwen,qwen25_7b_offload12,Qwen/Qwen2.5-7B-Instruct,20260725-145244,12,4,2,20,1,128,32,0.0,inf,1.0,4,248.05914787500296,20,0,2560,640,0.08062593204616668,2.5800298254773337,12.900149127386669,3437.753671850078,3889.343688999361,946.7331800323232,3889.343688999361,4173.989799149967,4174.081837429512,1479.9177275338566,1479.896256919317,4.506185091819059,1479.896256919317,1484.6599794435244,1484.6641259789378,1433.669905640619,1484.557790998224,259.8418888232289,1484.557790998224,1486.124911598199,1487.4695438892013,49315.20322539964,49900.79522199994,976.5830541589037,49900.79522199994,49909.11488665042,49909.21058053071
data/raw/profile_robustness/qwen/offload12/bench_runs_plos_profile_robustness_v1_qwen_offload12_20260725_131245/qwen_profile-reference_offload12_conc4_run2.json,qwen_profile-reference_offload12_conc4_run2.json,bench_runs_plos_profile_robustness_v1_qwen_offload12_20260725_131245,bench_runs_plos_profile_robustness_v1_qwen_offload12_20260725_131245,plos_profile_robustness_v1_qwen,qwen25_7b_offload12,Qwen/Qwen2.5-7B-Instruct,20260725-150912,12,4,2,20,1,256,64,0.0,inf,1.0,4,484.378781323001,20,0,5120,1280,0.04129000024603326,2.6425600157461284,13.212800078730641,3247.9406598497008,4234.901596999407,1245.7671804709319,4234.901596999407,4469.980452449636,4470.38976488835,1483.7944037706447,1484.507088531765,1.5081984936105222,1484.507088531765,1484.7188323587295,1484.719407932076,1460.6098992742288,1484.4419474993629,184.55008613702918,1484.4419474993629,1486.3355230520028,1487.298159889615,96726.98809740032,97754.9927930013,1246.3926630172543,97754.9927930013,97774.94407309988,97774.99625622029
data/raw/profile_robustness/llama/offload12/bench_runs_plos_profile_robustness_v1_llama_offload12_20260724_171222/llama_profile-long_offload12_conc4_run2.json,llama_profile-long_offload12_conc4_run2.json,bench_runs_plos_profile_robustness_v1_llama_offload12_20260724_171222,bench_runs_plos_profile_robustness_v1_llama_offload12_20260724_171222,plos_profile_robustness_v1_llama,llama31_8b_offload12,meta-llama/Llama-3.1-8B-Instruct,20260724-182807,12,4,2,20,1,512,128,0.0,inf,1.0,4,905.6873116820007,20,0,10220,2560,0.022082676594924272,2.826582604150307,14.110830344156609,3282.6031153994336,3362.8831369996988,588.8849643693262,3362.8831369996988,4203.175169199494,4204.109561839541,1399.3265977752008,1400.632448303161,2.646170684128363,1400.632448303161,1400.7048097696863,1400.7064251287456,1388.3942502000034,1400.6627545004449,127.8429080430446,1400.6627545004449,1402.4343069997485,1403.422797409803,180997.08103284994,181247.63531449935,520.2514887402898,181247.63531449935,181255.24354219905,181258.7483764398
data/raw/profile_robustness/llama/offload12/bench_runs_plos_profile_robustness_v1_llama_offload12_20260724_171222/llama_profile-short_offload12_conc4_run2.json,llama_profile-short_offload12_conc4_run2.json,bench_runs_plos_profile_robustness_v1_llama_offload12_20260724_171222,bench_runs_plos_profile_robustness_v1_llama_offload12_20260724_171222,plos_profile_robustness_v1_llama,llama31_8b_offload12,meta-llama/Llama-3.1-8B-Instruct,20260724-183516,12,4,2,20,1,128,32,0.0,inf,1.0,4,236.76757256700148,20,0,2540,640,0.0844710269365131,2.703072861968419,13.430893282905581,3656.536513199353,4209.287835499708,929.3765718645782,4209.287835499708,4236.561525748948,4236.695722750555,1400.5342754709588,1400.528311919369,0.3649702867335893,1400.528311919369,1401.2644159693375,1401.2741998906295,1356.7671447234432,1400.3126845000224,243.69012970902975,1400.3126845000224,1402.4501794987373,1409.6546985210807,47073.09905279908,47630.357002497476,934.273990717271,47630.357002497476,47651.91532649842,47652.19306850093
data/raw/profile_robustness/llama/offload12/bench_runs_plos_profile_robustness_v1_llama_offload12_20260724_171222/llama_profile-reference_offload12_conc4_run2.json,llama_profile-reference_offload12_conc4_run2.json,bench_runs_plos_profile_robustness_v1_llama_offload12_20260724_171222,bench_runs_plos_profile_robustness_v1_llama_offload12_20260724_171222,plos_profile_robustness_v1_llama,llama31_8b_offload12,meta-llama/Llama-3.1-8B-Instruct,20260724-184855,12,4,2,20,1,256,64,0.0,inf,1.0,4,457.4274418189998,20,0,5100,1280,0.043722781301594564,2.798258003302052,13.947567235208666,3280.901760550296,3362.4420175001433,589.7113200643424,3362.4420175001433,4201.394100798643,4202.074297760846,1397.844301400795,1400.4610248015927,5.349639099070373,1400.4610248015927,1400.6704071460003,1400.6929415561972,1376.0027494195328,1400.5471389973536,179.93632356377802,1400.5471389973536,1402.432669749578,1403.1184181211577,91345.09274880038,91590.11993199965,518.3193096514661,91590.11993199965,91605.9154074488,91605.94169509178
data/raw/profile_robustness/qwen/offload12/bench_runs_plos_profile_robustness_v1_qwen_offload12_20260725_131245/qwen_profile-reference_offload12_conc4_run3.json,qwen_profile-reference_offload12_conc4_run3.json,bench_runs_plos_profile_robustness_v1_qwen_offload12_20260725_131245,bench_runs_plos_profile_robustness_v1_qwen_offload12_20260725_131245,plos_profile_robustness_v1_qwen,qwen25_7b_offload12,Qwen/Qwen2.5-7B-Instruct,20260725-151902,12,4,3,20,1,256,64,0.0,inf,1.0,4,485.61680843499926,20,0,5120,1280,0.041184735891770595,2.635823097073318,13.17911548536659,3436.5870028501377,3886.8923210011417,944.114724830837,3886.8923210011417,4169.009868747526,4169.168233747914,1482.3786975753903,1482.42211763491,2.227781830879731,1482.42211763491,1484.7622753984401,1484.7636381145815,1459.2162753499963,1484.5264820014563,185.50044673833,1484.5264820014563,1486.4908862509765,1487.317054190862,96826.44495009973,97411.35778000171,978.7645829937545,97411.35778000171,97428.67036414973,97428.74242963037
data/raw/profile_robustness/qwen/offload12/bench_runs_plos_profile_robustness_v1_qwen_offload12_20260725_131245/qwen_profile-long_offload12_conc4_run3.json,qwen_profile-long_offload12_conc4_run3.json,bench_runs_plos_profile_robustness_v1_qwen_offload12_20260725_131245,bench_runs_plos_profile_robustness_v1_qwen_offload12_20260725_131245,plos_profile_robustness_v1_qwen,qwen25_7b_offload12,Qwen/Qwen2.5-7B-Instruct,20260725-154505,12,4,3,20,1,512,128,0.0,inf,1.0,4,963.9197142089979,20,0,10240,2560,0.020748615994862392,2.655822847342386,13.279114236711932,4148.098004950043,4236.507134499334,611.4720830596673,4236.507134499334,4469.788357099242,4469.868705819026,1484.150440442521,1484.5697671495918,0.8016393132532172,1484.5697671495918,1484.7307334606255,1484.7307986291203,1472.555427811328,1484.5576184998208,131.13092984837567,1484.5576184998208,1486.3608599967847,1487.4013564112101,192635.20394115022,192785.40710250125,650.525340797469,192785.40710250125,192797.1555128488,192797.3411329678
data/raw/profile_robustness/qwen/offload12/bench_runs_plos_profile_robustness_v1_qwen_offload12_20260725_131245/qwen_profile-short_offload12_conc4_run3.json,qwen_profile-short_offload12_conc4_run3.json,bench_runs_plos_profile_robustness_v1_qwen_offload12_20260725_131245,bench_runs_plos_profile_robustness_v1_qwen_offload12_20260725_131245,plos_profile_robustness_v1_qwen,qwen25_7b_offload12,Qwen/Qwen2.5-7B-Instruct,20260725-160311,12,4,3,20,1,128,32,0.0,inf,1.0,4,248.09461853700122,20,0,2560,640,0.08061440476999773,2.5796609526399275,12.898304763199638,3438.9103143499597,3891.654553499393,946.801162578693,3891.654553499393,4170.630034749956,4170.769399752207,1480.1133217338686,1480.0901417096495,4.484534606042509,1480.0901417096495,1484.8450688596602,1484.8481596816525,1433.8594622687538,1484.5977395016234,259.86741483791604,1484.5977395016234,1486.7495494983814,1487.460246500923,49322.42328809989,49911.562291001246,980.6986050442331,49911.562291001246,49920.60369064748,49920.71010053194
data/raw/profile_robustness/llama/offload12/bench_runs_plos_profile_robustness_v1_llama_offload12_20260724_171222/llama_profile-reference_offload12_conc4_run3.json,llama_profile-reference_offload12_conc4_run3.json,bench_runs_plos_profile_robustness_v1_llama_offload12_20260724_171222,bench_runs_plos_profile_robustness_v1_llama_offload12_20260724_171222,plos_profile_robustness_v1_llama,llama31_8b_offload12,meta-llama/Llama-3.1-8B-Instruct,20260724-185716,12,4,3,20,1,256,64,0.0,inf,1.0,4,457.38414662799914,20,0,5100,1280,0.04372692002433231,2.798522881557268,13.948887487762006,3279.9643749998722,3359.2276774998027,589.0402743776302,3359.2276774998027,4197.733499650167,4203.02195432927,1397.723710371423,1400.2722313729867,5.322025457078919,1400.2722313729867,1400.7333828309766,1400.7362851503415,1375.8840832164026,1400.4690310011938,179.91725920635488,1400.4690310011938,1402.2688074988764,1403.5713617385047,91336.55812839951,91577.02275749944,520.6481640598756,91577.02275749944,91609.57468214874,91609.92876843018
data/raw/profile_robustness/llama/offload12/bench_runs_plos_profile_robustness_v1_llama_offload12_20260724_171222/llama_profile-long_offload12_conc4_run3.json,llama_profile-long_offload12_conc4_run3.json,bench_runs_plos_profile_robustness_v1_llama_offload12_20260724_171222,bench_runs_plos_profile_robustness_v1_llama_offload12_20260724_171222,plos_profile_robustness_v1_llama,llama31_8b_offload12,meta-llama/Llama-3.1-8B-Instruct,20260724-191902,12,4,3,20,1,512,128,0.0,inf,1.0,4,909.1644319019979,20,0,10220,2560,0.021998220891857188,2.81577227415772,14.056863149896742,3656.3933659497707,4211.264923998897,929.334781420388,4211.264923998897,4230.957209748158,4231.098398750473,1400.7567953692944,1400.7907280393688,0.1035431094523077,1400.7907280393688,1400.8608998035522,1400.863297818991,1389.8132789179685,1400.6852695001726,123.33328548431167,1400.6852695001726,1402.5566250527845,1403.3830966016467,181552.5063778501,182114.58612800017,936.7577056050396,182114.58612800017,182123.7121625514,182123.7502013083
data/raw/profile_robustness/llama/offload12/bench_runs_plos_profile_robustness_v1_llama_offload12_20260724_171222/llama_profile-short_offload12_conc4_run3.json,llama_profile-short_offload12_conc4_run3.json,bench_runs_plos_profile_robustness_v1_llama_offload12_20260724_171222,bench_runs_plos_profile_robustness_v1_llama_offload12_20260724_171222,plos_profile_robustness_v1_llama,llama31_8b_offload12,meta-llama/Llama-3.1-8B-Instruct,20260724-193340,12,4,3,20,1,128,32,0.0,inf,1.0,4,228.98401007899884,20,0,2540,640,0.0873423432190748,2.7949549830103937,13.887432571832893,2610.584082949572,2488.115023499631,895.9732197017976,2488.115023499631,4217.907736099551,4218.014122419081,1387.8844270354862,1400.373197096762,22.452370268701877,1400.373197096762,1400.6034103708857,1400.6034459193652,1344.5126428531296,1400.2448995015584,261.9025632723736,1400.2448995015584,1402.38383699907,1409.354867698239,45635.00132104964,45899.89900500041,396.62165830739514,45899.89900500041,45903.66939824944,45905.45461165031
data/raw/profile_robustness/qwen/offload12/bench_runs_plos_profile_robustness_v1_qwen_offload12_20260725_131245/qwen_profile-short_offload12_conc8_run1.json,qwen_profile-short_offload12_conc8_run1.json,bench_runs_plos_profile_robustness_v1_qwen_offload12_20260725_131245,bench_runs_plos_profile_robustness_v1_qwen_offload12_20260725_131245,plos_profile_robustness_v1_qwen,qwen25_7b_offload12,Qwen/Qwen2.5-7B-Instruct,20260725-132142,12,8,1,20,1,128,32,0.0,inf,1.0,8,152.96491138900092,20,0,2560,640,0.13074893986071448,4.183966075542863,20.919830377714316,4777.555314399433,5164.4214110001485,833.1298351484583,5164.4214110001485,5175.273722548445,5175.613329309563,1490.622864677431,1489.854592161259,7.845538996988619,1489.854592161259,1511.9459727468336,1512.0509317622816,1444.0405838000004,1489.427964497736,262.29604011513703,1489.427964497736,1491.99770304931,1494.2567295992194,50986.8641193998,51352.96843600008,741.4122760031698,51352.96843600008,51360.73821664868,51360.82196333089
data/raw/profile_robustness/qwen/offload12/bench_runs_plos_profile_robustness_v1_qwen_offload12_20260725_131245/qwen_profile-reference_offload12_conc8_run1.json,qwen_profile-reference_offload12_conc8_run1.json,bench_runs_plos_profile_robustness_v1_qwen_offload12_20260725_131245,bench_runs_plos_profile_robustness_v1_qwen_offload12_20260725_131245,plos_profile_robustness_v1_qwen,qwen25_7b_offload12,Qwen/Qwen2.5-7B-Instruct,20260725-133841,12,8,1,20,1,256,64,0.0,inf,1.0,8,295.87558339599855,20,0,5120,1280,0.0675959799400956,4.326142716166118,21.63071358083059,4781.697707000603,5166.714447499544,833.2102244498936,5166.714447499544,5181.585884450033,5181.876773690019,1489.8940838682538,1489.8741643095173,4.455903937674577,1489.8741643095173,1500.7419245023825,1500.9892139417345,1466.614322989841,1489.6442705012305,186.8532088651458,1489.6442705012305,1491.7002395011878,1494.0855857298814,98645.0249907006,99028.73031799936,772.7872645171277,99028.73031799936,99065.01903800236,99065.31513400085
data/raw/profile_robustness/qwen/offload12/bench_runs_plos_profile_robustness_v1_qwen_offload12_20260725_131245/qwen_profile-long_offload12_conc8_run1.json,qwen_profile-long_offload12_conc8_run1.json,bench_runs_plos_profile_robustness_v1_qwen_offload12_20260725_131245,bench_runs_plos_profile_robustness_v1_qwen_offload12_20260725_131245,plos_profile_robustness_v1_qwen,qwen25_7b_offload12,Qwen/Qwen2.5-7B-Instruct,20260725-141152,12,8,1,20,1,512,128,0.0,inf,1.0,8,581.6242864140004,20,0,10240,2560,0.03438645955331376,4.401466822824161,22.007334114120805,4780.2025456499905,5165.07515900048,833.0241311533114,5165.07515900048,5181.824548948862,5182.094849790228,1489.498707302363,1490.1561802519675,3.1565033789986248,1490.1561802519675,1495.5120705878148,1495.5783148986684,1477.8619220003945,1489.8938370006363,132.6200936564258,1489.8938370006363,1491.8671959991116,1492.7384140016147,193946.53837305013,194421.05089100188,871.3587330554194,194421.05089100188,194431.48235319986,194431.5974050397
data/raw/profile_robustness/llama/offload12/bench_runs_plos_profile_robustness_v1_llama_offload12_20260724_171222/llama_profile-short_offload12_conc8_run1.json,llama_profile-short_offload12_conc8_run1.json,bench_runs_plos_profile_robustness_v1_llama_offload12_20260724_171222,bench_runs_plos_profile_robustness_v1_llama_offload12_20260724_171222,plos_profile_robustness_v1_llama,llama31_8b_offload12,meta-llama/Llama-3.1-8B-Instruct,20260724-171948,12,8,1,20,1,128,32,0.0,inf,1.0,8,140.8155463660005,20,0,2540,640,0.14202977239471154,4.544952716630769,22.582733810759137,3343.4199716000876,3364.7748004996174,513.2683944485074,3364.7748004996174,4219.110952550727,4219.760517710274,1402.8522502499893,1408.5999961612727,10.922440415812426,1408.5999961612727,1408.8905676451466,1408.8907716193235,1359.0128225671806,1408.3451190008418,251.23640354629595,1408.3451190008418,1410.4383019498528,1411.8327290104207,46831.83972934976,46993.317019499955,604.6899426279936,46993.317019499955,47052.36037304876,47052.64706100894
data/raw/profile_robustness/llama/offload12/bench_runs_plos_profile_robustness_v1_llama_offload12_20260724_171222/llama_profile-reference_offload12_conc8_run1.json,llama_profile-reference_offload12_conc8_run1.json,bench_runs_plos_profile_robustness_v1_llama_offload12_20260724_171222,bench_runs_plos_profile_robustness_v1_llama_offload12_20260724_171222,plos_profile_robustness_v1_llama,llama31_8b_offload12,meta-llama/Llama-3.1-8B-Instruct,20260724-173351,12,8,1,20,1,256,64,0.0,inf,1.0,8,275.8534852089997,20,0,5100,1280,0.07250225598870738,4.640144383277272,23.128219660397654,3342.362550350208,3362.191989999701,512.5912011969763,3362.191989999701,4215.846937600145,4216.0933387202385,1405.4230223912696,1409.0746010079451,6.403288515384576,1409.0746010079451,1409.431679652359,1409.4326230415838,1383.4631446695282,1408.9547265002693,179.34640235619173,1408.9547265002693,1410.6690781502948,1411.5607126996656,91884.01296100019,92096.30882150031,620.0740140977101,92096.30882150031,92172.07961664899,92172.46064493098
data/raw/profile_robustness/llama/offload12/bench_runs_plos_profile_robustness_v1_llama_offload12_20260724_171222/llama_profile-long_offload12_conc8_run1.json,llama_profile-long_offload12_conc8_run1.json,bench_runs_plos_profile_robustness_v1_llama_offload12_20260724_171222,bench_runs_plos_profile_robustness_v1_llama_offload12_20260724_171222,plos_profile_robustness_v1_llama,llama31_8b_offload12,meta-llama/Llama-3.1-8B-Instruct,20260724-180120,12,8,1,20,1,512,128,0.0,inf,1.0,8,545.9371663830007,20,0,10220,2560,0.03663425249558675,4.689184319435104,23.40928734467993,3347.6928869000403,3362.3009975008245,513.1090515366395,3362.3009975008245,4221.6141735490055,4221.951181109962,1406.6217147523635,1409.4198258149615,4.564630146881366,1409.4198258149615,1409.4254784803165,1409.4255438283428,1395.6324091851563,1409.0629610000178,127.43154508080748,1409.0629610000178,1411.311065848804,1411.8710031502087,181988.6506604502,182329.01360350024,713.1308580154092,182329.01360350024,182379.75420970004,182379.86463313975
data/raw/profile_robustness/qwen/offload12/bench_runs_plos_profile_robustness_v1_qwen_offload12_20260725_131245/qwen_profile-reference_offload12_conc8_run2.json,qwen_profile-reference_offload12_conc8_run2.json,bench_runs_plos_profile_robustness_v1_qwen_offload12_20260725_131245,bench_runs_plos_profile_robustness_v1_qwen_offload12_20260725_131245,plos_profile_robustness_v1_qwen,qwen25_7b_offload12,Qwen/Qwen2.5-7B-Instruct,20260725-145924,12,8,2,20,1,256,64,0.0,inf,1.0,8,295.836192013001,20,0,5120,1280,0.06760498052625376,4.3267187536802405,21.633593768401205,4781.080260850285,5163.636568500806,832.9924018535324,5163.636568500806,5183.713822652317,5184.065074132632,1489.70767891666,1489.76004778573,4.495682887948945,1489.76004778573,1500.6300359745833,1500.8589500012722,1466.430860532816,1489.5362644983834,186.8354680620395,1489.5362644983834,1491.5621075480885,1493.219066009333,98632.66403259986,99018.45966199835,773.4769377097853,99018.45966199835,99052.91185514943,99053.26346383081
data/raw/profile_robustness/qwen/offload12/bench_runs_plos_profile_robustness_v1_qwen_offload12_20260725_131245/qwen_profile-short_offload12_conc8_run2.json,qwen_profile-short_offload12_conc8_run2.json,bench_runs_plos_profile_robustness_v1_qwen_offload12_20260725_131245,bench_runs_plos_profile_robustness_v1_qwen_offload12_20260725_131245,plos_profile_robustness_v1_qwen,qwen25_7b_offload12,Qwen/Qwen2.5-7B-Instruct,20260725-144740,12,8,2,20,1,128,32,0.0,inf,1.0,8,151.4714357590019,20,0,2560,640,0.1320380961584132,4.225219077069222,21.12609538534611,4179.634987549616,4234.912184998393,926.3622135565779,4234.912184998393,5164.89600854984,5164.942027309444,1490.5895700951664,1489.738850145166,7.723113503365777,1489.738850145166,1511.6961199565212,1511.7344375139146,1444.008329457813,1489.3574079978862,262.2818483411774,1489.3574079978862,1492.3800810014654,1493.954409898979,50387.911660499776,50257.492049000575,797.8265814480397,50257.492049000575,51346.506054501515,51346.736706901575
data/raw/profile_robustness/qwen/offload12/bench_runs_plos_profile_robustness_v1_qwen_offload12_20260725_131245/qwen_profile-long_offload12_conc8_run2.json,qwen_profile-long_offload12_conc8_run2.json,bench_runs_plos_profile_robustness_v1_qwen_offload12_20260725_131245,bench_runs_plos_profile_robustness_v1_qwen_offload12_20260725_131245,plos_profile_robustness_v1_qwen,qwen25_7b_offload12,Qwen/Qwen2.5-7B-Instruct,20260725-142454,12,8,2,20,1,512,128,0.0,inf,1.0,8,581.6206649840024,20,0,10240,2560,0.0343866736587671,4.401494228322189,22.007471141610946,4779.843305050235,5163.669224501064,833.719180949834,5163.669224501064,5182.390489300633,5182.809542658979,1489.4955905712575,1490.1030003425185,3.1725526889721802,1490.1030003425185,1495.4745891161504,1495.6186317067109,1477.8588210601526,1489.819409998745,132.62254599544963,1489.819409998745,1491.9698624993543,1492.8119296988734,193945.78330759995,194406.81611950096,870.245046921504,194406.81611950096,194446.2324903001,194446.63079565804
data/raw/profile_robustness/llama/offload12/bench_runs_plos_profile_robustness_v1_llama_offload12_20260724_171222/llama_profile-reference_offload12_conc8_run2.json,llama_profile-reference_offload12_conc8_run2.json,bench_runs_plos_profile_robustness_v1_llama_offload12_20260724_171222,bench_runs_plos_profile_robustness_v1_llama_offload12_20260724_171222,plos_profile_robustness_v1_llama,llama31_8b_offload12,meta-llama/Llama-3.1-8B-Instruct,20260724-184035,12,8,2,20,1,256,64,0.0,inf,1.0,8,275.8434069569994,20,0,5100,1280,0.07250490494093177,4.640313916219633,23.12906467615724,3343.5691843504173,3366.2885155008553,512.2462127735502,3366.2885155008553,4211.959595200096,4218.410523839193,1405.2948903888928,1408.9197079682644,6.320765867734582,1408.9197079682644,1409.1970354761902,1409.1973235524063,1383.337010482029,1408.5848690010607,179.32516471459053,1408.5848690010607,1410.7459783490413,1411.4897191986165,91877.14727885068,92085.66087749932,617.1638827781877,92085.66087749932,92159.56834615099,92159.6613116304
data/raw/profile_robustness/llama/offload12/bench_runs_plos_profile_robustness_v1_llama_offload12_20260724_171222/llama_profile-long_offload12_conc8_run2.json,llama_profile-long_offload12_conc8_run2.json,bench_runs_plos_profile_robustness_v1_llama_offload12_20260724_171222,bench_runs_plos_profile_robustness_v1_llama_offload12_20260724_171222,plos_profile_robustness_v1_llama,llama31_8b_offload12,meta-llama/Llama-3.1-8B-Instruct,20260724-181144,12,8,2,20,1,512,128,0.0,inf,1.0,8,545.9699775680001,20,0,10220,2560,0.03663205088508556,4.688902513290952,23.407880515569673,3347.285099450255,3364.474639501168,512.9314630789517,3364.474639501168,4220.595778950064,4221.37546218908,1406.691622942124,1409.4523619488161,4.519791778877856,1409.4523619488161,1409.481320287392,1409.481359484247,1395.701770035152,1409.2456084999867,127.43221553528541,1409.2456084999867,1410.807719499462,1411.481037398753,181997.12121310004,182334.51098800014,709.4370152931411,182334.51098800014,182383.6154651987,182384.01638344015
data/raw/profile_robustness/llama/offload12/bench_runs_plos_profile_robustness_v1_llama_offload12_20260724_171222/llama_profile-short_offload12_conc8_run2.json,llama_profile-short_offload12_conc8_run2.json,bench_runs_plos_profile_robustness_v1_llama_offload12_20260724_171222,bench_runs_plos_profile_robustness_v1_llama_offload12_20260724_171222,plos_profile_robustness_v1_llama,llama31_8b_offload12,meta-llama/Llama-3.1-8B-Instruct,20260724-183053,12,8,2,20,1,128,32,0.0,inf,1.0,8,140.28605118700216,20,0,2540,640,0.14256584906891334,4.562107170205227,22.66797000195722,3082.746339500045,3326.982421000139,510.66436803154556,3326.982421000139,3399.793389099069,4051.9842898193738,1404.4698355516014,1408.8335631935363,9.876277096065607,1408.8335631935363,1409.2098434999982,1409.544271693519,1360.5798370687467,1408.5362134992465,249.16913602647784,1408.5362134992465,1410.748464999051,1411.4343944504435,46621.31124159969,46762.08925349965,474.8536145299896,46762.08925349965,47001.483368346635,47001.672096869406
data/raw/profile_robustness/qwen/offload12/bench_runs_plos_profile_robustness_v1_qwen_offload12_20260725_131245/qwen_profile-short_offload12_conc8_run3.json,qwen_profile-short_offload12_conc8_run3.json,bench_runs_plos_profile_robustness_v1_qwen_offload12_20260725_131245,bench_runs_plos_profile_robustness_v1_qwen_offload12_20260725_131245,plos_profile_robustness_v1_qwen,qwen25_7b_offload12,Qwen/Qwen2.5-7B-Instruct,20260725-160638,12,8,3,20,1,128,32,0.0,inf,1.0,8,151.45686785200087,20,0,2560,640,0.13205079626724753,4.225625480551921,21.128127402759606,4178.7797245004185,4234.005754000464,928.2243963907534,4234.005754000464,5167.263537049257,5167.298467407927,1490.4617456209492,1489.6376136451681,7.721270130590508,1489.6376136451681,1511.3897596371023,1511.6625097854135,1443.884496296863,1489.2595379988052,262.2540644972102,1489.2595379988052,1491.7331456501415,1493.323811099217,50383.093838749846,50252.097155998854,801.0143885161568,50252.097155998854,51345.8002804,51346.01764647887
data/raw/profile_robustness/qwen/offload12/bench_runs_plos_profile_robustness_v1_qwen_offload12_20260725_131245/qwen_profile-long_offload12_conc8_run3.json,qwen_profile-long_offload12_conc8_run3.json,bench_runs_plos_profile_robustness_v1_qwen_offload12_20260725_131245,bench_runs_plos_profile_robustness_v1_qwen_offload12_20260725_131245,plos_profile_robustness_v1_qwen,qwen25_7b_offload12,Qwen/Qwen2.5-7B-Instruct,20260725-155807,12,8,3,20,1,512,128,0.0,inf,1.0,8,581.6002704409984,20,0,10240,2560,0.03438787947061132,4.401648572238249,22.008242861191242,4781.533410299744,5165.93711349924,833.167126048154,5165.93711349924,5183.447619899198,5183.666452779835,1489.3887186665372,1490.0148921181205,3.073383455327908,1490.0148921181205,1495.386257200797,1495.4240351252072,1477.7527918656233,1489.581971500229,132.61257706618363,1489.581971500229,1491.9527235002533,1493.3231185995464,193933.90068094997,194397.81460700033,860.3577280660217,194397.81460700033,194415.86187310022,194415.92273541872
data/raw/profile_robustness/qwen/offload12/bench_runs_plos_profile_robustness_v1_qwen_offload12_20260725_131245/qwen_profile-reference_offload12_conc8_run3.json,qwen_profile-reference_offload12_conc8_run3.json,bench_runs_plos_profile_robustness_v1_qwen_offload12_20260725_131245,bench_runs_plos_profile_robustness_v1_qwen_offload12_20260725_131245,plos_profile_robustness_v1_qwen,qwen25_7b_offload12,Qwen/Qwen2.5-7B-Instruct,20260725-152541,12,8,3,20,1,256,64,0.0,inf,1.0,8,295.84816872599913,20,0,5120,1280,0.06760224369860161,4.326543596710503,21.632717983552514,4780.393295600516,5165.102208500684,832.2268050499972,5165.102208500684,5179.916076350673,5180.125157672483,1489.8060089714256,1489.9371693967885,4.529239271775095,1489.9371693967885,1500.7333703698018,1500.9188736548792,1466.5276397648454,1489.5547215000988,186.83363081540085,1489.5547215000988,1491.9890529497934,1492.8829929498897,98638.17186080033,99041.04900200036,779.3214736762634,99041.04900200036,99045.79095720238,99045.91161783955
data/raw/profile_robustness/llama/offload12/bench_runs_plos_profile_robustness_v1_llama_offload12_20260724_171222/llama_profile-long_offload12_conc8_run3.json,llama_profile-long_offload12_conc8_run3.json,bench_runs_plos_profile_robustness_v1_llama_offload12_20260724_171222,bench_runs_plos_profile_robustness_v1_llama_offload12_20260724_171222,plos_profile_robustness_v1_llama,llama31_8b_offload12,meta-llama/Llama-3.1-8B-Instruct,20260724-192925,12,8,3,20,1,512,128,0.0,inf,1.0,8,545.9760051060002,20,0,10220,2560,0.03663164646973274,4.688850748125791,23.407622094159223,3345.8259293000083,3360.0475790008204,512.4338063706866,3360.0475790008204,4214.807045252019,4216.961314651198,1406.7423975740153,1409.5363377716462,4.560712662324861,1409.5363377716462,1409.5463581023514,1409.5464155511938,1395.7521467550791,1409.2689309982234,127.44106570222898,1409.2689309982234,1411.240551352239,1411.9907270801195,182002.1104211999,182342.12908799964,713.1952833070512,182342.12908799964,182394.20852364946,182394.59003832907
data/raw/profile_robustness/llama/offload12/bench_runs_plos_profile_robustness_v1_llama_offload12_20260724_171222/llama_profile-reference_offload12_conc8_run3.json,llama_profile-reference_offload12_conc8_run3.json,bench_runs_plos_profile_robustness_v1_llama_offload12_20260724_171222,bench_runs_plos_profile_robustness_v1_llama_offload12_20260724_171222,plos_profile_robustness_v1_llama,llama31_8b_offload12,meta-llama/Llama-3.1-8B-Instruct,20260724-190235,12,8,3,20,1,256,64,0.0,inf,1.0,8,275.8536918589998,20,0,5100,1280,0.07250220167516491,4.640140907210554,23.128202334377605,3343.7062125496595,3364.482553499329,513.1375611363295,3364.482553499329,4219.13612105127,4220.537105809781,1405.364780358731,1409.1308664920646,6.334979334105331,1409.1308664920646,1409.1569491111363,1409.1570053269636,1383.4057993187484,1408.8481514991145,179.33867308430337,1408.8481514991145,1410.8000755008106,1411.38669751228,91881.6873751497,92101.30931949789,620.6940626286389,92101.30931949789,92154.9701560505,92155.24314881038
data/raw/profile_robustness/llama/offload12/bench_runs_plos_profile_robustness_v1_llama_offload12_20260724_171222/llama_profile-short_offload12_conc8_run3.json,llama_profile-short_offload12_conc8_run3.json,bench_runs_plos_profile_robustness_v1_llama_offload12_20260724_171222,bench_runs_plos_profile_robustness_v1_llama_offload12_20260724_171222,plos_profile_robustness_v1_llama,llama31_8b_offload12,meta-llama/Llama-3.1-8B-Instruct,20260724-193626,12,8,3,20,1,128,32,0.0,inf,1.0,8,140.27616040999783,20,0,2540,640,0.14257590129031328,4.562428841290025,22.66956830515981,3084.839458699753,3325.921608498902,509.78257821459596,3325.921608498902,3405.6460898003943,4052.107315560241,1404.2204764113078,1408.5192795484484,9.704093562345314,1408.5192795484484,1408.820278516079,1408.9491205806705,1360.338289704697,1408.0443699986063,249.123893586987,1408.0443699986063,1410.877521499424,1411.3846352693872,46615.67422745029,46770.75534350115,478.1061179550752,46770.75534350115,47000.12947719915,47000.23461864148
